{
    "Version": "2012-10-17",
    "Statement": [
        {
            "Sid": "AllowUserToSeeBucketListInTheConsole",
            "Action": [
                "s3:ListAllMyBuckets",
                "s3:GetBucketLocation"
            ],
            "Effect": "Allow",
            "Resource": "arn:aws:s3:::*"
        },
        {
            "Sid": "AllowRootAndHomeListingOfCompanyBucket",
            "Action": "s3:ListBucket",
            "Effect": "Allow",
            "Resource": "arn:aws:s3:::my-bucket"
        },
        {
            "Sid": "DenyAllListingExpectForHomeAndUserFolders",
            "Effect": "Deny",
            "Action": "s3:ListBucket",
            "Resource": "arn:aws:s3:::my-bucket",
            "Condition": {
                "Null": {
                    "s3:prefix": "false"
                },
                "StringNotLike": {
                    "s3:prefix": [
						"",
						"home/",
                        "home/Jas/*"
                    ]
                }
            }
        },
        {
            "Sid": "AllowRootListingWithoutPrefix",
            "Action": [
                "s3:ListBucket"
            ],
            "Effect": "Allow",
            "Resource": [
                "arn:aws:s3:::my-bucket"
            ],
            "Condition": {
                "Null": {
                    "s3:prefix": "true"
                },
                "StringEquals": {
                    "s3:delimiter": [
                        "/"
                    ]
                }
            }
        },
        {
            "Sid": "AllowAllS3ActionsInUserFolder",
            "Effect": "Allow",
            "Action": "s3:*",
            "Resource": "arn:aws:s3:::my-bucket/home/Jas/*"
        }
    ]
}