{
   "Version":"2012-10-17",
   "Statement":[
      {
         "Effect":"Allow",
         "Action":[
            "s3:ListAllMyBuckets"
         ],
         "Resource":"arn:aws:s3:::*"
      },
      {
         "Effect":"Allow",
         "Action":[
            "s3:ListBucket",
            "s3:GetBucketLocation"
         ],
         "Resource":"arn:aws:s3:::examplebucket"
      },
      {
         "Effect":"Allow",
         "Action":[
            "s3:PutObject",
            "s3:PutObjectAcl",
            "s3:GetObject",
            "s3:GetObjectAcl",
            "s3:DeleteObject"
         ],
         "Resource":"arn:aws:s3:::examplebucket/*"
      }
   ]
}