{
    "Statement": [
        {
            "Effect": "Allow",
            "Action": [
                "ec2:AttachVolume",
                "ec2:DetachVolume"
            ],
            "Resource": "arn:aws:ec2:*:*:instance/*",
            "Condition": {
                "StringEquals": {
                    "ec2:ResourceTag/Department": "Development"
                }
            }
        },
        {
            "Effect": "Allow",
            "Action": [
                "ec2:AttachVolume",
                "ec2:DetachVolume"
            ],
            "Resource": "arn:aws:ec2:*:*:volume/*"
        }
    ]
}