{
    "Statement": [
        {
            "Effect": "Allow",
            "Action": "ec2:*",
            "Resource": "arn:aws:ec2:*:*:instance/*",
            "Condition": {
                "StringEquals": {
                    "ec2:ResourceTag/Department": "Development"
                }
            }
        },
        {
            "Effect": "Allow",
            "Action": "ec2:*",
            "Resource": "arn:aws:ec2:*:*:volume/*",
            "Condition": {
                "StringEquals": {
                    "ec2:ResourceTag/VolumeUser": "${aws:username}"
                }
            }
        }
    ]
}