{
    "Statement": [
        {
            "Sid": "AllowRequestsReferred",
            "Effect": "Allow",
            "Principal": "*",
            "Action": "*",
            "Resource": "arn:aws:s3:::example/*",
            "Condition": {
                "StringLike": {
                    "aws:Referer": [
                        "https://www.example.com/*",
                        "https://example.com/*",
                        "https://example.herokuapp.com/*",
                        "https://dfgdsfgdfg.cloudfront.net/*",
                        "https://yygertwgbvcv.cloudfront.net/*"
                    ]
                },
                "IpAddress": {
                    "aws:SourceIp": "219.77.225.236"
                }
            }
        },
        {
            "Sid": "DenyRequestsReferred",
            "Effect": "Deny",
            "NotPrincipal": {
                "Service": "lambda.amazonaws.com"
            },
            "Action": "*",
            "Resource": "arn:aws:s3:::example/*"
        }
    ]
}