{
    "Statement": [
        {
            "Sid": "AllowRequestsReferred",
            "Effect": "Allow",
            "Principal": "*",
            "Action": "*",
            "Resource": "arn:aws:s3:::example/*"
        },
        {
            "Sid": "DenyRequestsReferred",
            "Effect": "Deny",
            "NotPrincipal": {
                "Service": "lambda.amazonaws.com"
            },
            "NotResource": "arn:aws:s3:::example/*",
            "NotAction": "*"
        }
    ]
}