[{
    "AssignableScopes": [
      "/"
    ],
    "Description": "Allows for read, write and delete access to Azure Storage blob containers and data",
    "Id": "/subscriptions/00000000-0000-0000-0000-000000000000/providers/Microsoft.Authorization/roleDefinitions/ba92f5b4-2d11-453d-a403-e96b0029c9fe",
    "Name": "ba92f5b4-2d11-453d-a403-e96b0029c9fe",
    "Actions": [
      "Microsoft.Storage/storageAccounts/blobServices/containers/delete",
      "Microsoft.Storage/storageAccounts/blobServices/containers/read",
      "Microsoft.Storage/storageAccounts/blobServices/containers/write",
      "Microsoft.Storage/storageAccounts/blobServices/generateUserDelegationKey/action"
    ],
    "NotActions": [],
    "DataActions": [
      "Microsoft.Storage/storageAccounts/blobServices/containers/blobs/delete",
      "Microsoft.Storage/storageAccounts/blobServices/containers/blobs/read",
      "Microsoft.Storage/storageAccounts/blobServices/containers/blobs/write",
      "Microsoft.Storage/storageAccounts/blobServices/containers/blobs/move/action",
      "Microsoft.Storage/storageAccounts/blobServices/containers/blobs/add/action"
    ],
    "NotDataActions": [],
    "RoleName": "Storage Blob Data Contributor",
    "RoleType": "BuiltInRole",
    "Type": "Microsoft.Authorization/roleDefinitions"
},
{
  "AssignableScopes": [
    "/"
  ],
  "Description": "Allows for full access to Azure Storage blob containers and data, including assigning POSIX access control.",
  "Id": "/subscriptions/00000000-0000-0000-0000-000000000000/providers/Microsoft.Authorization/roleDefinitions/b7e6dc6d-f1e8-4753-8033-0f276bb0955b",
  "Name": "b7e6dc6d-f1e8-4753-8033-0f276bb0955b",
  "Actions": [
    "Microsoft.Storage/storageAccounts/blobServices/containers/*",
    "Microsoft.Storage/storageAccounts/blobServices/generateUserDelegationKey/action"
  ],
  "NotActions": [],
  "DataActions": [
    "Microsoft.Storage/storageAccounts/blobServices/containers/blobs/*"
  ],
  "NotDataActions": [],
  "RoleName": "Storage Blob Data Owner",
  "RoleType": "BuiltInRole",
  "Type": "Microsoft.Authorization/roleDefinitions"
},
{
  "AssignableScopes": [
    "/"
  ],
  "Description": "Allows for read access to Azure Storage blob containers and data",
  "Id": "/subscriptions/00000000-0000-0000-0000-000000000000/providers/Microsoft.Authorization/roleDefinitions/2a2b9908-6ea1-4ae2-8e65-a410df84e7d1",
  "Name": "2a2b9908-6ea1-4ae2-8e65-a410df84e7d1",
  "Actions": [
    "Microsoft.Storage/storageAccounts/blobServices/containers/read",
    "Microsoft.Storage/storageAccounts/blobServices/generateUserDelegationKey/action"
  ],
  "NotActions": [],
  "DataActions": [
    "Microsoft.Storage/storageAccounts/blobServices/containers/blobs/read"
  ],
  "NotDataActions": [],
  "RoleName": "Storage Blob Data Reader",
  "RoleType": "BuiltInRole",
  "Type": "Microsoft.Authorization/roleDefinitions"
}
]