[{
    "AssignableScopes": [
      "/"
    ],
    "Description": "View Virtual Machines in the portal and login as administrator",
    "Id": "/subscriptions/00000000-0000-0000-0000-000000000000/providers/Microsoft.Authorization/roleDefinitions/1c0163c0-47e6-4577-8991-ea5c82e286e4",
    "Name": "1c0163c0-47e6-4577-8991-ea5c82e286e4",
    "Actions": [
      "Microsoft.Network/publicIPAddresses/read",
      "Microsoft.Network/virtualNetworks/read",
      "Microsoft.Network/loadBalancers/read",
      "Microsoft.Network/networkInterfaces/read",
      "Microsoft.Compute/virtualMachines/*/read"
    ],
    "NotActions": [],
    "DataActions": [
      "Microsoft.Compute/virtualMachines/login/action",
      "Microsoft.Compute/virtualMachines/loginAsAdmin/action"
    ],
    "NotDataActions": [],
    "RoleName": "Virtual Machine Administrator Login",
    "RoleType": "BuiltInRole",
    "Type": "Microsoft.Authorization/roleDefinitions"
},
{
  "AssignableScopes": [
    "/"
  ],
  "Description": "View Virtual Machines in the portal and login as a regular user.",
  "Id": "/subscriptions/00000000-0000-0000-0000-000000000000/providers/Microsoft.Authorization/roleDefinitions/fb879df8-f326-4884-b1cf-06f3ad86be52",
  "Name": "fb879df8-f326-4884-b1cf-06f3ad86be52",
  "Actions": [
    "Microsoft.Network/publicIPAddresses/read",
    "Microsoft.Network/virtualNetworks/read",
    "Microsoft.Network/loadBalancers/read",
    "Microsoft.Network/networkInterfaces/read",
    "Microsoft.Compute/virtualMachines/*/read"
  ],
  "NotActions": [],
  "DataActions": [
    "Microsoft.Compute/virtualMachines/login/action"
  ],
  "NotDataActions": [],
  "RoleName": "Virtual Machine User Login",
  "RoleType": "BuiltInRole",
  "Type": "Microsoft.Authorization/roleDefinitions"
}
]