{
  "Version": "2012-10-17",
  "Statement": [
    {
      "Effect": "Allow",
      "Action": "ec2:RunInstances",
      "Resource": [
		"arn:aws:ec2:us-east-1:123412341234:subnet/*", 
		"arn:aws:ec2:us-east-1:123412341234:security-group/*"
		],
        "Condition": {
         "StringEquals": {
            "ec2:Vpc": "arn:aws:ec2:us-east-1:123412341234:vpc/vpc-2f09a348"
            }
      }
    },
    {
      "Effect": "Allow",
      "Action": "ec2:RunInstances",
      "Resource": [ 
	     "arn:aws:ec2:us-east-1::image/ami-*",
         "arn:aws:ec2:us-east-1:123412341243:instance/*",
         "arn:aws:ec2:us-east-1:123412341234:volume/*",
         "arn:aws:ec2:us-east-1:123412341234:network-interface/*",
         "arn:aws:ec2:us-east-1:123412341234:key-pair/*"
         ]
    }
  ]
}
