{
    "Version": "2012-10-17",
    "Statement": [
        {
            "Sid": "AdminPermissions",
            "Effect": "Allow",
            "Action": [
                "ssm:SendCommand",
                "ssm:GetCommandInvocation",
                "ec2:StopInstances",
                "ec2:DescribeSecurityGroups",
                "ec2:DescribeNetworkInterfaces",
                "ec2:CreateTags"
            ],
            "Resource": "*"
        },
        {
            "Sid": "RunInstanceResourcePermissions",
            "Effect": "Allow",
            "Action": [
                "ec2:RunInstances"
            ],
            "Resource": [
                "arn:aws:ec2:*:*:network-interface/*",
                "arn:aws:ec2:*:*:security-group/*",
                "arn:aws:ec2:*:*:subnet/*",
                "arn:aws:ec2:*:*:volume/*",
                "arn:aws:ec2:*::image/*"
            ]
        },
        {
            "Sid": "LimitInstanceTypes",
            "Effect": "Allow",
            "Action": [
                "ec2:RunInstances"
            ],
            "Resource": [
                "arn:aws:ec2:*:*:instance/*"
            ],
            "Condition": {
                "StringEquals": {
                    "ec2:InstanceType": [
                        "t2.nano",
                        "t2.micro",
                        "t2.small",
                        "t2.medium"
                    ]
                }
            }
        }
    ]
}