{
    "Statement": [
        {
            "Effect": "Allow",
            "Action": "ec2:*",
            "Resource": [
                "*"
            ]
        },
        {
            "Effect": "Allow",
            "Action": [
                "ec2:StopInstances",
                "ec2:StartInstances"
            ],
            "Resource": [
                "arn:aws:ec2:*"
            ],
            "Condition": {
                "StringEquals": {
                    "ec2:ResourceTag/CodProyecto": "2014_2263"
                }
            }
        }
    ]
}