{
    "Statement": [
        {
            "Sid": "AllowAllActionsForEC2",
            "Effect": "Allow",
            "Action": "ec2:*",
            "Resource": "*"
        },
        {
            "Sid": "DenyStopAndTerminateWhenMFAIsNotPresent",
            "Effect": "Deny",
            "Action": "ec2:*",
            "Resource": "*",
            "Condition": {
                "BoolIfExists": {
                    "aws:MultiFactorAuthPresent": false
                }
            }
        }
    ]
}